{"v":"4.8.0","meta":{"g":"LottieFiles AE ","a":"","k":"","d":"","tc":""},"fr":20,"ip":0,"op":20,"w":24,"h":24,"nm":"notification","ddd":0,"assets":[],"layers":[{"ddd":0,"ind":1,"ty":4,"nm":"shell","sr":1,"ks":{"o":{"a":0,"k":100,"ix":11},"r":{"a":1,"k":[{"i":{"x":[0.667],"y":[1]},"o":{"x":[0.333],"y":[0]},"t":0,"s":[0]},{"i":{"x":[0.667],"y":[1]},"o":{"x":[0.333],"y":[0]},"t":5,"s":[0]},{"i":{"x":[0.667],"y":[1]},"o":{"x":[0.333],"y":[0]},"t":10,"s":[-8]},{"i":{"x":[0.667],"y":[1]},"o":{"x":[0.333],"y":[0]},"t":13,"s":[6]},{"t":16,"s":[0]}],"ix":10},"p":{"a":0,"k":[12,3,0],"ix":2},"a":{"a":0,"k":[12,3,0],"ix":1},"s":{"a":0,"k":[100,100,100],"ix":6}},"ao":0,"shapes":[{"ind":0,"ty":"sh","ix":1,"ks":{"a":0,"k":{"i":[[0.61,0],[0,0],[-0.43,0.37],[0,4.37],[-3.04,0],[0,-2.9],[-1.51,-1.43]],"o":[[0,0],[-0.62,0],[1.5,-1.43],[-0.04,-2.94],[3.04,0],[0,4.35],[0.43,0.42]],"v":[[19.58,17.5],[4.46,17.5],[3.97,16.42],[6.52,9.03],[12.02,3.75],[17.52,8.99],[20.07,16.38]],"c":true},"ix":2},"nm":"Path 1","mn":"ADBE Vector Shape - Group","hd":false},{"ind":1,"ty":"sh","ix":2,"ks":{"a":0,"k":{"i":[[0.6,0.57],[0,4.06],[3.46,0.34],[0,0],[0.38,0],[0,-0.38],[0,0],[0,-3.42],[1.21,-1.14],[-0.31,-0.76],[-0.86,0],[0,0],[-0.31,0.75]],"o":[[-1.21,-1.14],[0,-3.42],[0,0],[0,-0.38],[-0.38,0],[0,0],[-3.46,0.34],[0,4.06],[-0.6,0.57],[0.35,0.78],[0,0],[0.86,0],[0.31,-0.79]],"v":[[21.02,15.39],[18.89,8.99],[12.71,2.44],[12.71,1.69],[12.02,1],[11.33,1.69],[11.33,2.44],[5.11,8.99],[2.98,15.39],[2.5,17.59],[4.46,18.88],[19.58,18.88],[21.5,17.62]],"c":true},"ix":2},"nm":"Path 2","mn":"ADBE Vector Shape - Group","hd":false},{"ty":"mm","mm":1,"nm":"Merge Paths 1","mn":"ADBE Vector Filter - Merge","hd":false},{"ty":"fl","c":{"a":0,"k":[0,0,0,1],"ix":4},"o":{"a":0,"k":100,"ix":5},"r":1,"bm":0,"nm":"Fill 1","mn":"ADBE Vector Graphic - Fill","hd":false}],"ip":0,"op":20,"st":0,"bm":0},{"ddd":0,"ind":2,"ty":4,"nm":"dong","sr":1,"ks":{"o":{"a":0,"k":100,"ix":11},"r":{"a":1,"k":[{"i":{"x":[0.667],"y":[2.333]},"o":{"x":[0.333],"y":[0]},"t":0,"s":[0]},{"i":{"x":[0.667],"y":[1]},"o":{"x":[0.333],"y":[0.25]},"t":2,"s":[0]},{"i":{"x":[0.667],"y":[1]},"o":{"x":[0.333],"y":[0]},"t":5,"s":[-8]},{"i":{"x":[0.667],"y":[1]},"o":{"x":[0.333],"y":[0]},"t":10,"s":[8]},{"i":{"x":[0.667],"y":[1]},"o":{"x":[0.333],"y":[0]},"t":15,"s":[0]},{"t":19,"s":[0]}],"ix":10,"x":"var $bm_rt;\n$bm_rt = transform.rotation;"},"p":{"a":0,"k":[12,3,0],"ix":2},"a":{"a":0,"k":[12,3,0],"ix":1},"s":{"a":0,"k":[100,100,100],"ix":6}},"ao":0,"shapes":[{"ind":0,"ty":"sh","ix":1,"ks":{"a":0,"k":{"i":[[0.459,0],[0.11,-0.289],[0.652,0],[0.199,0.529],[0.322,0],[-0.141,-0.417],[-1.229,0],[-0.372,1.103]],"o":[[-0.32,0],[-0.197,0.53],[-0.654,0],[-0.072,-0.291],[-0.456,0],[0.373,1.104],[1.266,0],[0.18,-0.456]],"v":[[14.086,20.25],[13.359,20.717],[11.981,21.625],[10.638,20.717],[9.948,20.25],[9.3,21.097],[11.981,23],[14.697,21.097]],"c":true},"ix":2},"nm":"Path 1","mn":"ADBE Vector Shape - Group","hd":false},{"ty":"fl","c":{"a":0,"k":[0,0,0,1],"ix":4},"o":{"a":0,"k":100,"ix":5},"r":1,"bm":0,"nm":"Fill 1","mn":"ADBE Vector Graphic - Fill","hd":false}],"ip":0,"op":20,"st":0,"bm":0}],"markers":[]}